"","ID","Description","GeneRatio","BgRatio","pvalue","p.adjust","qvalue","geneID","Count"
"GO:0019005","GO:0019005","SCF ubiquitin ligase complex","1/6","61/21298",0.0170641222232353,0.0801232596654117,0.0374845659253388,"Fbxl18",1
"GO:0005925","GO:0005925","focal adhesion","1/6","148/21298",0.0409811283569593,0.0801232596654117,0.0374845659253388,"Map4k4",1
"GO:0005924","GO:0005924","cell-substrate adherens junction","1/6","154/21298",0.0426125363429196,0.0801232596654117,0.0374845659253388,"Map4k4",1
"GO:0031461","GO:0031461","cullin-RING ubiquitin ligase complex","1/6","156/21298",0.0431558247991192,0.0801232596654117,0.0374845659253388,"Fbxl18",1
"GO:0030055","GO:0030055","cell-substrate junction","1/6","161/21298",0.0445129220363398,0.0801232596654117,0.0374845659253388,"Map4k4",1
"GO:0000151","GO:0000151","ubiquitin ligase complex","1/6","275/21298",0.0750224250236992,0.0915084940705066,0.0428109913780148,"Fbxl18",1
"GO:0005912","GO:0005912","adherens junction","1/6","284/21298",0.0773960771975758,0.0915084940705066,0.0428109913780148,"Map4k4",1
"GO:0070161","GO:0070161","anchoring junction","1/6","299/21298",0.0813408836182281,0.0915084940705066,0.0428109913780148,"Map4k4",1
"GO:0009897","GO:0009897","external side of plasma membrane","1/6","399/21298",0.107282066986549,0.107282066986549,0.0501904406954616,"Ccr7",1
